fecha,indicativo,nombre,provincia,altitud,tmed,prec,tmin,horatmin,tmax,horatmax,dir,velmedia,racha,horaracha,presMax,horaPresMax,presMin,horaPresMin,hrMedia,hrMax,horaHrMax,hrMin,horaHrMin,pintMax,horaPIntMax
2024-01-01,3195,"MADRID, RETIRO",MADRID,667,"6,6","0,0","3,8",08:50,"9,4",15:40,23,"1,4","6,4",15:50,"945,1",23,"940,8",03,85,99,Varias,62,15:30,"0,0",
2024-01-02,3195,"MADRID, RETIRO",MADRID,667,"5,5","2,0","2,8",05:50,"8,2",23:40,14,"0,3","4,4",02:10,"945,2",11,"941,7",24,92,99,Varias,83,13:20,"0,0",
2024-01-03,3195,"MADRID, RETIRO",MADRID,667,"10,1","2,7","8,1",00:00,"12,1",14:50,26,"1,7","7,2",16:00,"942,7",10,"940,1",18,99,99,Varias,91,22:00,"7,8",08:25
2024-01-04,3195,"MADRID, RETIRO",MADRID,667,"9,4","9,7","8,2",00:40,"10,6",11:50,29,"1,1","4,7",19:50,"941,9",00,"931,8",24,99,99,Varias,96,11:50,"6,0",16:15
2024-01-05,3195,"MADRID, RETIRO",MADRID,667,"6,6","0,1","4,6",06:20,"8,6",00:00,29,"3,6","12,2",22:00,"936,3",24,"929,8",05,71,99,Varias,53,15:40,"3,6",04:10
2024-01-06,3195,"MADRID, RETIRO",MADRID,667,"6,6","0,0","3,6",08:40,"9,6",15:20,30,"2,8","10,8",00:10,"943,2",23,"936,3",00,61,78,22:20,41,15:40,"0,0",
2024-01-07,3195,"MADRID, RETIRO",MADRID,667,"5,6","0,0","1,8",23:50,"9,3",15:10,99,"1,9","6,1",Varias,"945,0",10,"942,5",Varias,60,87,08:20,40,14:30,"0,0",
2024-01-08,3195,"MADRID, RETIRO",MADRID,667,"2,7","0,0","-0,8",08:10,"6,2",15:10,23,"1,1","3,9",21:30,"943,7",00,"940,7",15,69,93,08:00,51,13:50,"0,0",
2024-01-09,3195,"MADRID, RETIRO",MADRID,667,"5,6","0,0","4,1",07:10,"7,2",15:00,10,"1,1","3,9",20:10,"941,9",10,"939,7",16,79,89,Varias,71,00:10,"0,0",
2024-01-10,3195,"MADRID, RETIRO",MADRID,667,"6,4","0,2","4,7",07:30,"8,0",14:40,26,"1,9","6,9",14:50,"941,9",11,"939,3",19,90,98,Varias,81,14:30,"0,6",Varias
2024-01-11,3195,"MADRID, RETIRO",MADRID,667,"5,0","0,0","2,3",23:50,"7,6",14:20,08,"2,2","7,8",17:30,"945,7",23,"939,9",01,71,99,01:20,53,14:30,"0,0",
2024-01-12,3195,"MADRID, RETIRO",MADRID,667,"3,2","0,0","-0,4",07:30,"6,9",15:20,05,"1,7","6,7",00:50,"948,1",11,"945,0",01,64,79,Varias,49,16:20,"0,0",
2024-01-13,3195,"MADRID, RETIRO",MADRID,667,"5,6","0,0","2,2",01:20,"9,0",15:40,04,"0,3","5,3",02:30,"948,5",10,"944,2",24,73,83,20:40,65,13:10,"0,0",
2024-01-14,3195,"MADRID, RETIRO",MADRID,667,"7,2","4,3","5,8",06:50,"8,6",23:50,03,"1,1","6,4",11:50,"944,4",00,"939,4",24,92,99,Varias,79,00:10,"2,4",14:00
2024-01-15,3195,"MADRID, RETIRO",MADRID,667,"10,8","2,6","8,4",00:00,"13,3",15:00,25,"2,5","10,3",13:20,"939,4",00,"935,9",15,99,99,Varias,93,15:30,"3,0",16:35
2024-01-16,3195,"MADRID, RETIRO",MADRID,667,"12,4","7,5","11,1",22:10,"13,7",Varias,25,"2,8","11,7",04:20,"937,4",00,"931,0",24,85,99,Varias,68,19:10,"0,0",
2024-01-17,3195,"MADRID, RETIRO",MADRID,667,"11,2","1,1","10,0",07:30,"12,3",16:20,26,"3,3","15,0",21:50,"931,0",00,"925,1",08,92,99,Varias,80,Varias,"12,0",04:55
2024-01-18,3195,"MADRID, RETIRO",MADRID,667,"12,2","12,4","10,0",05:40,"14,3",14:00,99,"3,9","14,2",Varias,"933,7",18,"930,6",00,85,99,23:30,69,14:50,"1,8",23:55
2024-01-19,3195,"MADRID, RETIRO",MADRID,667,"7,2","16,3","3,6",22:20,"10,8",00:40,05,"5,8","14,2",23:00,"936,9",24,"927,3",14,94,99,Varias,76,23:40,"7,2",11:05
2024-01-20,3195,"MADRID, RETIRO",MADRID,667,"6,3","0,0","2,7",06:40,"9,9",14:50,05,"1,7","12,8",00:20,"952,1",24,"936,9",00,74,93,20:50,50,11:30,"0,0",
2024-01-21,3195,"MADRID, RETIRO",MADRID,667,"7,5","0,0","4,0",08:20,"11,0",16:10,05,"1,4","4,2",03:40,"956,4",23,"951,6",02,77,97,23:59,61,14:30,"0,0",
2024-01-22,3195,"MADRID, RETIRO",MADRID,667,"6,8","0,0","3,1",06:30,"10,6",15:40,10,"0,8","3,3",20:10,"958,6",Varias,"955,8",00,87,99,Varias,71,15:20,"0,0",
2024-01-23,3195,"MADRID, RETIRO",MADRID,667,"9,6","0,0","4,4",07:00,"14,9",15:30,08,"0,8","3,6",03:40,"960,3",11,"957,8",04,85,99,Varias,67,15:30,"0,0",
2024-01-24,3195,"MADRID, RETIRO",MADRID,667,"11,7","0,0","5,9",07:40,"17,5",15:00,05,"0,3","5,0",23:20,"960,4",11,"957,6",17,78,98,01:30,60,14:10,"0,0",
2024-01-25,3195,"MADRID, RETIRO",MADRID,667,"11,6","0,0","5,9",07:30,"17,3",15:00,05,"0,3","4,2",01:40,"957,8",00,"953,9",18,71,86,00:50,54,15:50,"0,0",
2024-01-26,3195,"MADRID, RETIRO",MADRID,667,"12,4","0,0","5,9",07:40,"18,8",15:10,06,"1,1","4,2",23:50,"955,2",Varias,"952,2",17,62,91,03:30,35,13:50,"0,0",
2024-01-27,3195,"MADRID, RETIRO",MADRID,667,"13,8","0,0","9,6",07:40,"18,0",14:50,05,"1,7","4,7",01:30,"952,7",Varias,"949,3",16,53,72,01:10,39,14:50,"0,0",
2024-01-28,3195,"MADRID, RETIRO",MADRID,667,"12,2","0,0","8,0",06:30,"16,3",15:00,04,"1,4","5,3",08:50,"951,0",11,"948,9",16,64,77,06:20,45,14:40,"0,0",
2024-01-29,3195,"MADRID, RETIRO",MADRID,667,"11,3","0,0","7,7",07:50,"14,9",13:40,08,"1,1","4,7",01:00,"952,8",Varias,"949,6",16,67,88,22:30,45,Varias,"0,0",
2024-01-30,3195,"MADRID, RETIRO",MADRID,667,"9,4","0,0","5,9",Varias,"13,0",Varias,13,"1,1","3,9",15:20,"955,0",23,"952,1",15,81,96,05:10,66,14:00,"0,0",
2024-01-31,3195,"MADRID, RETIRO",MADRID,667,"7,6","0,0","4,7",08:10,"10,5",15:20,99,"1,7","4,2",Varias,"956,8",10,"954,5",Varias,85,98,23:30,76,14:30,"0,0",
2024-02-01,3195,"MADRID, RETIRO",MADRID,667,"10,7","0,0","4,6",03:40,"16,8",14:40,99,"1,4","5,6",Varias,"957,3",Varias,"953,9",17,61,99,03:20,39,14:40,"0,0",
2024-02-02,3195,"MADRID, RETIRO",MADRID,667,"10,0","0,0","5,2",07:40,"14,8",14:20,09,"1,1","9,4",11:40,"954,1",00,"951,8",15,62,88,04:40,46,17:10,"0,0",
2024-02-03,3195,"MADRID, RETIRO",MADRID,667,"10,6","0,0","5,9",07:50,"15,2",15:20,06,"1,7","6,7",09:30,"954,4",Varias,"952,4",17,57,81,05:40,38,Varias,"0,0",
2024-02-04,3195,"MADRID, RETIRO",MADRID,667,"10,6","0,0","4,6",06:30,"16,6",15:00,06,"1,1","3,3",00:10,"954,1",11,"951,6",16,50,76,06:10,28,16:30,"0,0",
2024-02-05,3195,"MADRID, RETIRO",MADRID,667,"9,8","0,0","4,6",07:20,"14,9",15:10,04,"0,8","5,6",04:20,"952,7",00,"949,0",17,61,80,07:20,42,14:20,"0,0",
2024-02-06,3195,"MADRID, RETIRO",MADRID,667,"9,8","0,0","5,9",Varias,"13,7",Varias,27,"1,4","5,3",19:10,"949,3",00,"946,3",Varias,72,93,23:59,55,14:20,"0,0",
2024-02-07,3195,"MADRID, RETIRO",MADRID,667,,"0,0",,,,,,"2,5",,,,,,,90,,,,,"0,0",
2024-02-08,3195,"MADRID, RETIRO",MADRID,667,"10,6","6,2","8,5",Varias,"12,6",16:00,22,"2,8","13,1",16:30,"941,6",00,"924,2",24,83,99,Varias,50,15:50,"0,6",Varias
2024-02-09,3195,"MADRID, RETIRO",MADRID,667,"9,8","5,9","7,9",Varias,"11,7",12:30,24,"3,3","11,7",18:10,"924,2",00,"911,3",17,,,,,,"4,2",21:45
2024-02-10,3195,"MADRID, RETIRO",MADRID,667,"8,3","0,4","5,3",22:40,"11,3",13:10,32,"3,3","15,3",13:40,"930,5",24,"913,2",00,56,99,01:00,47,16:40,"1,2",13:40
2024-02-11,3195,"MADRID, RETIRO",MADRID,667,"6,3","0,1","4,3",07:30,"8,3",13:00,27,"3,1","8,6",02:40,"934,3",11,"930,4",00,79,97,Varias,61,01:20,"0,6",20:15
2024-02-12,3195,"MADRID, RETIRO",MADRID,667,"10,8","0,0","6,0",Varias,"15,7",16:00,25,"3,3","9,7",14:50,"942,3",22,"931,1",04,,,,,,"0,0",
2024-02-13,3195,"MADRID, RETIRO",MADRID,667,"13,0","0,0","10,1",05:20,"16,0",15:40,25,"1,1","5,3",14:10,"947,2",23,"941,2",01,87,,,,,"0,0",
2024-02-14,3195,"MADRID, RETIRO",MADRID,667,"14,2","0,0","11,1",00:00,"17,3",15:10,03,"1,9","5,3",10:40,"947,2",09,"942,1",24,83,,,,,"0,0",
2024-02-15,3195,"MADRID, RETIRO",MADRID,667,"12,2","4,3","10,4",23:59,"14,0",Varias,27,"2,2","8,3",22:00,"942,2",00,"937,3",16,88,98,Varias,70,11:30,"3,0",Varias
2024-02-16,3195,"MADRID, RETIRO",MADRID,667,"11,7","0,0","8,3",23:50,"15,1",13:30,28,"1,1","8,1",03:00,"949,4",24,"939,8",00,62,90,00:10,48,14:00,"0,0",
2024-02-17,3195,"MADRID, RETIRO",MADRID,667,"10,8","0,0","4,8",07:00,"16,8",15:00,06,"0,8","6,1",21:00,"954,5",23,"949,0",02,57,94,07:30,29,15:20,"0,0",
2024-02-18,3195,"MADRID, RETIRO",MADRID,667,"11,4","0,0","5,5",07:00,"17,4",16:30,06,"1,1","5,6",00:10,"956,6",10,"953,7",16,52,76,Varias,31,15:50,"0,0",
2024-02-19,3195,"MADRID, RETIRO",MADRID,667,"13,0","0,0","7,5",05:10,"18,5",13:50,08,"0,8","5,8",20:20,"954,6",00,"951,1",17,64,89,07:50,44,23:00,"0,0",
2024-02-20,3195,"MADRID, RETIRO",MADRID,667,"12,2","0,0","5,7",07:40,"18,8",15:00,05,"1,4","5,3",00:10,"952,7",00,"948,9",16,52,75,06:30,26,14:10,"0,0",
2024-02-21,3195,"MADRID, RETIRO",MADRID,667,"10,7","0,0","6,1",Varias,"15,3",15:10,28,"1,1","5,8",22:20,"949,6",00,"943,6",24,63,87,02:00,49,13:50,"0,0",
2024-02-22,3195,"MADRID, RETIRO",MADRID,667,"10,2","4,5","7,7",23:59,"12,6",13:30,23,"5,0","15,0",13:10,"943,6",00,"931,5",19,83,99,20:00,53,23:50,"12,6",19:55
2024-02-23,3195,"MADRID, RETIRO",MADRID,667,"6,8","0,2","4,1",07:50,"9,6",13:50,26,"3,6","11,7",14:10,"934,9",08,"931,8",16,66,80,21:00,52,Varias,"0,6",Varias
2024-02-24,3195,"MADRID, RETIRO",MADRID,667,"6,8","0,0","3,4",07:20,"10,3",14:20,32,"2,8","11,9",14:40,"938,4",22,"931,3",04,60,91,02:10,40,14:00,"0,0",
2024-02-25,3195,"MADRID, RETIRO",MADRID,667,"9,9","0,3","6,1",Varias,"13,7",13:00,25,"5,8","15,8",15:00,"937,9",00,"928,1",24,85,99,07:30,71,12:50,"1,8",22:45
2024-02-26,3195,"MADRID, RETIRO",MADRID,667,"8,8","0,0","6,1",23:00,"11,5",13:20,32,"3,6","13,3",08:50,"934,8",23,"926,4",05,61,99,00:30,39,13:20,"0,0",
2024-02-27,3195,"MADRID, RETIRO",MADRID,667,"7,8","0,0","4,0",07:20,"11,7",13:40,04,"2,8","13,6",10:40,"942,8",23,"934,3",00,47,65,07:10,36,13:40,"0,0",
2024-02-28,3195,"MADRID, RETIRO",MADRID,667,"8,2","0,0","2,2",07:00,"14,1",13:30,04,"3,1","11,4",12:10,"943,8",Varias,"942,0",05,49,69,Varias,36,15:00,"0,0",
2024-02-29,3195,"MADRID, RETIRO",MADRID,667,"8,3","0,0","2,6",06:50,"14,0",13:20,32,"3,6","13,3",16:50,"943,1",00,"936,7",17,62,90,07:10,38,18:00,"0,0",
2024-03-01,3195,"MADRID, RETIRO",MADRID,667,"8,2","0,0","3,2",06:40,"13,2",13:40,25,"3,6","10,6",14:00,"941,7",Varias,"934,9",24,51,82,23:59,40,13:40,"0,0",
2024-03-02,3195,"MADRID, RETIRO",MADRID,667,"5,5","11,7","2,3",16:50,"8,7",14:00,23,"4,4","14,7",12:40,"935,0",00,"921,5",16,90,98,18:20,74,23:40,"12,6",16:45
2024-03-03,3195,"MADRID, RETIRO",MADRID,667,"6,3","0,0","2,5",06:50,"10,1",15:30,30,"4,2","14,2",15:50,"937,8",24,"927,9",00,55,80,01:50,40,13:40,"0,0",
2024-03-04,3195,"MADRID, RETIRO",MADRID,667,"9,6","0,0","6,1",Varias,"13,1",15:50,26,"3,3","11,9",15:50,"942,2",24,"937,7",04,82,95,06:40,57,22:10,"0,0",
2024-03-05,3195,"MADRID, RETIRO",MADRID,667,"9,5","0,0","5,3",03:40,"13,7",14:10,32,"1,4","7,8",06:10,"945,5",11,"942,1",00,51,74,03:30,34,15:00,"0,0",
2024-03-06,3195,"MADRID, RETIRO",MADRID,667,,"0,0",,,,,,,,,,,,,,,,,,"0,0",
2024-03-07,3195,"MADRID, RETIRO",MADRID,667,,"2,2",,,,,,,,,,,,,,,,,,"0,0",
2024-03-08,3195,"MADRID, RETIRO",MADRID,667,"7,6","9,0","4,4",04:10,"10,8",14:50,24,"4,4","15,3",10:30,"929,1",00,"920,2",24,74,99,Varias,50,14:50,"3,6",Varias
2024-03-09,3195,"MADRID, RETIRO",MADRID,667,"6,6","2,3","4,4",20:20,"8,8",13:40,27,"4,2","13,6",15:50,"920,2",00,"917,1",15,86,,,,,"2,4",00:45
2024-03-10,3195,"MADRID, RETIRO",MADRID,667,"8,6","0,4","4,6",00:00,"12,7",16:30,27,"3,6","12,5",13:30,"934,0",24,"919,7",02,80,,,,,"2,4",04:55
2024-03-11,3195,"MADRID, RETIRO",MADRID,667,"10,0","0,0","6,1",Varias,"13,9",13:30,29,"4,2","10,3",06:50,"944,1",24,"933,9",00,49,75,02:20,36,13:30,"0,0",
2024-03-12,3195,"MADRID, RETIRO",MADRID,667,"10,6","0,0","4,6",07:10,"16,5",15:50,25,"1,4","4,7",15:20,"945,1",10,"941,9",24,57,87,07:20,36,Varias,"0,0",
2024-03-13,3195,"MADRID, RETIRO",MADRID,667,"12,4","0,0","6,1",05:40,"18,6",16:10,13,"1,1","5,6",13:40,"941,9",00,"937,6",16,54,81,05:40,34,Varias,"0,0",
2024-03-14,3195,"MADRID, RETIRO",MADRID,667,"11,9","0,0","6,9",07:10,"16,9",13:00,26,"2,8","9,2",12:30,"942,9",23,"938,4",03,67,90,23:59,55,13:00,"0,0",
2024-03-15,3195,"MADRID, RETIRO",MADRID,667,"12,1","0,0","6,3",06:10,"17,9",15:30,24,"1,1","4,7",16:50,"946,3",23,"942,3",03,75,99,07:00,55,15:20,"0,0",
2024-03-16,3195,"MADRID, RETIRO",MADRID,667,"14,0","0,0","8,9",05:00,"19,2",15:50,25,"1,1","6,4",16:20,"948,5",09,"945,7",17,78,99,Varias,51,15:50,"0,0",
2024-03-17,3195,"MADRID, RETIRO",MADRID,667,"16,0","0,0","10,9",04:10,"21,0",15:50,29,"1,1","4,7",16:20,"946,3",00,"942,3",17,68,94,04:10,47,15:50,"0,0",
2024-03-18,3195,"MADRID, RETIRO",MADRID,667,"15,9","0,0","10,6",06:10,"21,2",16:10,04,"1,1","5,6",03:50,"942,9",01,"939,5",24,67,94,06:20,43,16:20,"0,0",
2024-03-19,3195,"MADRID, RETIRO",MADRID,667,"18,0","0,0","12,5",07:00,"23,5",13:50,24,"1,4","6,7",14:50,"939,8",09,"936,6",18,54,84,06:50,29,15:30,"0,0",
2024-03-20,3195,"MADRID, RETIRO",MADRID,667,"18,2","0,2","13,0",06:20,"23,5",13:40,16,"1,9","10,8",19:40,"939,8",24,"935,6",Varias,50,71,03:10,38,13:40,"0,6",Varias
2024-03-21,3195,"MADRID, RETIRO",MADRID,667,"18,9","0,4","13,4",02:20,"24,4",14:50,12,"2,8","8,9",15:10,"944,4",22,"939,8",00,48,83,07:30,30,15:10,"1,8",07:15
2024-03-22,3195,"MADRID, RETIRO",MADRID,667,"19,6","0,0","13,7",Varias,"25,5",13:40,04,"2,5","7,2",09:10,"944,3",00,"939,4",18,43,66,Varias,29,13:40,"0,0",
2024-03-23,3195,"MADRID, RETIRO",MADRID,667,"18,6","0,0","12,9",06:40,"24,4",14:30,05,"2,8","8,9",09:00,"942,5",10,"938,2",18,46,67,06:40,34,18:10,"0,0",
2024-03-24,3195,"MADRID, RETIRO",MADRID,667,"17,4","1,8","12,5",Varias,"22,2",14:30,06,"2,8","7,5",08:40,"939,6",00,"929,4",24,47,67,02:30,33,13:50,"0,0",
2024-03-25,3195,"MADRID, RETIRO",MADRID,667,"12,0","0,5","9,0",23:59,"14,9",00:00,14,"1,7","8,1",00:50,"929,5",00,"915,9",19,89,99,08:30,60,23:30,"1,2",Varias
2024-03-26,3195,"MADRID, RETIRO",MADRID,667,"7,2","1,5","3,7",21:20,"10,6",15:40,26,"4,4","15,0",18:10,"919,5",24,"916,3",03,63,99,23:20,43,12:00,"2,4",22:15
2024-03-27,3195,"MADRID, RETIRO",MADRID,667,"9,0","1,1","4,2",00:10,"13,8",12:30,99,"5,8","17,2",Varias,"922,0",11,"917,8",19,88,97,Varias,59,12:20,"3,6",16:05
2024-03-28,3195,"MADRID, RETIRO",MADRID,667,"11,8","12,2","6,8",07:00,"16,8",15:20,24,"3,6","15,6",15:00,"925,9",10,"920,8",00,72,99,Varias,51,13:00,"10,8",20:45
2024-03-29,3195,"MADRID, RETIRO",MADRID,667,"7,9","6,3","4,9",22:40,"10,9",01:20,99,"2,5","9,4",Varias,"922,4",22,"919,0",13,94,99,Varias,79,17:00,"2,4",Varias
2024-03-30,3195,"MADRID, RETIRO",MADRID,667,"8,6","12,9","5,0",00:10,"12,2",13:00,21,"2,8","10,8",09:50,"921,8",00,"916,0",17,84,99,Varias,58,13:40,"6,6",22:05
2024-03-31,3195,"MADRID, RETIRO",MADRID,667,"8,2","2,6","5,0",01:40,"11,3",15:20,23,"3,6","11,7",15:20,"928,7",24,"916,7",07,80,99,Varias,59,15:20,"5,4",09:55
2024-04-01,3195,"MADRID, RETIRO",MADRID,667,"9,0","0,6","4,4",01:50,"13,7",15:30,28,"3,9","13,3",14:30,"941,1",24,"928,7",00,72,99,08:20,50,14:30,"0,6",Varias
2024-04-02,3195,"MADRID, RETIRO",MADRID,667,"9,5","0,0","5,2",04:30,"13,8",16:20,23,"1,9","7,8",12:00,"942,1",09,"938,6",16,70,96,04:20,56,17:20,"0,0",
2024-04-03,3195,"MADRID, RETIRO",MADRID,667,"13,6","0,0","9,3",02:10,"18,0",14:40,99,"2,8","7,5",Varias,"943,6",21,"940,1",Varias,65,92,05:50,44,15:30,"0,0",
2024-04-04,3195,"MADRID, RETIRO",MADRID,667,"14,4","0,0","8,0",04:20,"20,7",14:10,19,"1,4","5,6",13:50,"943,4",00,"939,5",18,66,96,05:20,39,15:10,"0,0",
2024-04-05,3195,"MADRID, RETIRO",MADRID,667,"16,8","0,0","10,8",06:30,"22,7",14:40,04,"1,9","6,9",19:30,"941,3",10,"936,3",24,51,84,01:50,33,17:30,"0,0",
2024-04-06,3195,"MADRID, RETIRO",MADRID,667,"18,5","0,0","13,4",03:40,"23,6",13:50,06,"1,9","7,5",09:00,"939,5",22,"935,1",03,48,66,04:20,33,13:30,"0,0",
2024-04-07,3195,"MADRID, RETIRO",MADRID,667,"18,1","0,0","14,3",02:40,"21,9",14:20,26,"1,9","8,3",14:10,"939,2",10,"935,5",18,60,80,02:30,45,13:30,"0,0",
2024-04-08,3195,"MADRID, RETIRO",MADRID,667,"12,7","1,2","7,8",23:59,"17,6",13:00,27,"3,9","13,3",16:00,"943,1",24,"935,0",03,71,87,06:40,39,10:40,"1,8",16:50
2024-04-09,3195,"MADRID, RETIRO",MADRID,667,"10,8","0,0","5,1",06:20,"16,4",14:40,31,"1,1","8,3",01:00,"951,9",24,"943,1",00,45,74,06:30,26,15:40,"0,0",
2024-04-10,3195,"MADRID, RETIRO",MADRID,667,"13,8","0,0","6,9",06:10,"20,7",16:30,03,"1,4","8,9",20:20,"952,3",Varias,"949,1",15,47,70,04:50,30,14:20,"0,0",
2024-04-11,3195,"MADRID, RETIRO",MADRID,667,"18,2","0,0","9,9",05:20,"26,5",15:40,11,"2,5","8,9",13:40,"953,3",24,"948,2",16,50,85,06:10,28,16:00,"0,0",
2024-04-12,3195,"MADRID, RETIRO",MADRID,667,"18,0","0,0","11,1",05:10,"24,8",14:10,12,"0,8","5,0",15:40,"954,0",09,"950,0",18,41,67,06:50,25,14:00,"0,0",
2024-04-13,3195,"MADRID, RETIRO",MADRID,667,"20,0","0,0","12,8",03:50,"27,1",13:50,04,"1,7","5,3",06:30,"951,9",08,"947,3",Varias,38,71,04:20,18,16:00,"0,0",
2024-04-14,3195,"MADRID, RETIRO",MADRID,667,"20,4","0,0","13,7",05:40,"27,0",14:00,05,"1,1","4,7",04:30,"948,7",Varias,"944,1",24,37,57,01:00,21,14:40,"0,0",
2024-04-15,3195,"MADRID, RETIRO",MADRID,667,"21,4","0,0","13,7",05:30,"29,2",14:10,25,"1,9","12,5",15:20,"944,2",00,"940,1",15,45,77,06:40,24,15:10,"0,0",
2024-04-16,3195,"MADRID, RETIRO",MADRID,667,"19,3","0,0","12,4",05:50,"26,2",14:10,04,"1,9","7,8",22:20,"942,6",00,"937,1",16,40,72,06:00,23,15:20,"0,0",
2024-04-17,3195,"MADRID, RETIRO",MADRID,667,"15,4","0,0","8,7",05:50,"22,0",14:20,04,"1,9","10,3",05:50,"939,9",09,"936,5",17,43,64,05:30,29,15:00,"0,0",
2024-04-18,3195,"MADRID, RETIRO",MADRID,667,"15,6","0,0","8,8",06:00,"22,5",14:10,04,"2,2","10,0",22:10,"942,5",24,"937,8",16,38,60,Varias,23,14:20,"0,0",
2024-04-19,3195,"MADRID, RETIRO",MADRID,667,"14,4","0,0","7,3",05:30,"21,5",15:00,04,"1,7","10,0",00:30,"943,7",07,"938,7",18,43,62,23:50,33,Varias,"0,0",
2024-04-20,3195,"MADRID, RETIRO",MADRID,667,"17,8","0,0","10,9",05:00,"24,6",14:40,05,"1,9","10,6",22:50,"939,7",00,"935,1",Varias,37,78,Varias,16,14:50,"0,0",
2024-04-21,3195,"MADRID, RETIRO",MADRID,667,"16,8","0,0","10,1",06:00,"23,4",14:20,06,"1,9","10,8",22:40,"939,2",08,"935,1",18,33,48,05:30,23,14:50,"0,0",
2024-04-22,3195,"MADRID, RETIRO",MADRID,667,"13,1","0,0","7,1",05:50,"19,1",14:10,04,"3,6","11,4",00:50,"941,7",24,"936,8",16,34,57,06:10,20,14:40,"0,0",
2024-04-23,3195,"MADRID, RETIRO",MADRID,667,"11,0","0,0","3,8",05:20,"18,3",14:30,03,"2,5","10,8",23:40,"941,8",00,"938,1",15,36,54,05:50,25,14:10,"0,0",
2024-04-24,3195,"MADRID, RETIRO",MADRID,667,"11,9","0,0","4,8",06:10,"19,0",15:20,02,"1,4","9,4",01:30,"942,4",08,"935,6",24,38,66,05:30,21,16:30,"0,0",
2024-04-25,3195,"MADRID, RETIRO",MADRID,667,"13,6","0,0","8,8",06:00,"18,4",12:10,32,"2,8","8,6",17:50,"935,6",00,"929,7",17,40,65,01:30,29,16:40,"0,0",
2024-04-26,3195,"MADRID, RETIRO",MADRID,667,"12,9","4,4","9,4",05:30,"16,4",11:40,24,"3,1","12,2",14:30,"930,8",00,"925,5",24,52,80,23:10,38,15:00,"0,0",
2024-04-27,3195,"MADRID, RETIRO",MADRID,667,"11,2","3,7","7,5",23:59,"14,9",15:40,27,"4,2","14,2",12:20,"931,1",24,"922,8",05,75,97,05:10,43,15:10,"12,6",08:25
2024-04-28,3195,"MADRID, RETIRO",MADRID,667,"11,2","0,0","5,5",05:10,"16,8",12:50,06,"1,7","7,5",23:20,"937,1",24,"931,0",00,51,93,05:30,31,Varias,"0,0",
2024-04-29,3195,"MADRID, RETIRO",MADRID,667,,"0,0",,,,,,,,,,,,,,,,,,"0,0",
2024-04-30,3195,"MADRID, RETIRO",MADRID,667,,"0,0",,,,,,"2,5",,,,,,,60,,,,,"0,0",
2024-05-01,3195,"MADRID, RETIRO",MADRID,667,"10,6","0,1","6,1",23:30,"15,0",14:00,29,"3,9","12,5",13:30,"936,7",23,"931,8",15,51,82,Varias,30,Varias,"0,6",20:35
2024-05-02,3195,"MADRID, RETIRO",MADRID,667,"10,8","0,0","5,7",05:20,"15,8",13:10,99,"3,1","8,3",Varias,"940,9",23,"936,5",00,49,77,Varias,34,12:50,"0,0",
2024-05-03,3195,"MADRID, RETIRO",MADRID,667,"12,6","0,0","5,8",04:50,"19,3",14:50,23,"2,2","7,8",16:50,"942,7",10,"939,9",17,53,90,04:50,32,14:20,"0,0",
2024-05-04,3195,"MADRID, RETIRO",MADRID,667,"16,4","0,0","9,4",05:40,"23,5",15:00,27,"3,3","12,5",17:20,"941,0",08,"938,0",17,50,85,05:30,26,14:30,"0,0",
2024-05-05,3195,"MADRID, RETIRO",MADRID,667,"15,7","5,4","12,5",23:59,"18,9",12:00,22,"3,9","12,5",14:20,"938,9",00,"934,8",18,70,99,Varias,50,00:00,"6,0",22:45
2024-05-06,3195,"MADRID, RETIRO",MADRID,667,"15,2","0,0","11,2",05:50,"19,3",14:10,35,"2,5","7,8",17:30,"940,2",24,"934,5",04,65,,,,,"0,0",
2024-05-07,3195,"MADRID, RETIRO",MADRID,667,"15,9","0,0","9,4",05:30,"22,4",16:30,04,"1,7","11,1",22:30,"945,0",23,"939,9",01,46,79,05:30,30,18:30,"0,0",
2024-05-08,3195,"MADRID, RETIRO",MADRID,667,"17,4","0,0","10,0",05:20,"24,7",14:30,05,"1,4","9,2",00:10,"945,0",Varias,"940,8",18,36,67,05:20,15,15:30,"0,0",
2024-05-09,3195,"MADRID, RETIRO",MADRID,667,"19,8","0,0","13,0",05:10,"26,6",13:20,06,"0,8","6,7",01:40,"942,1",07,"938,2",17,37,59,05:00,19,16:20,"0,0",
2024-05-10,3195,"MADRID, RETIRO",MADRID,667,"22,0","0,0","14,8",05:30,"29,2",Varias,16,"1,9","6,4",14:00,"940,5",09,"936,2",18,35,61,06:40,21,14:40,"0,0",
2024-05-11,3195,"MADRID, RETIRO",MADRID,667,"22,3","0,0","15,3",06:20,"29,3",14:00,31,"2,5","8,9",19:00,"939,2",07,"936,4",17,35,59,23:10,22,13:50,"0,0",
2024-05-12,3195,"MADRID, RETIRO",MADRID,667,"21,9","0,0","15,8",05:30,"28,0",14:10,23,"1,7","6,1",13:40,"939,6",10,"936,3",Varias,41,65,02:40,25,14:50,"0,0",
2024-05-13,3195,"MADRID, RETIRO",MADRID,667,"21,4","0,7","15,0",23:59,"27,9",14:00,27,"3,6","12,8",17:20,"936,9",00,"930,2",20,42,79,23:59,27,13:30,"0,0",
2024-05-14,3195,"MADRID, RETIRO",MADRID,667,"14,9","0,0","10,9",05:30,"18,9",15:20,28,"2,5","13,1",05:00,"932,3",09,"929,8",16,47,86,00:20,34,13:40,"2,4",00:15
2024-05-15,3195,"MADRID, RETIRO",MADRID,667,"14,3","0,0","10,0",05:20,"18,6",13:40,27,"2,2","10,8",13:40,"932,3",11,"930,5",16,40,61,02:30,27,13:50,"0,0",
2024-05-16,3195,"MADRID, RETIRO",MADRID,667,"13,6","0,0","9,2",04:00,"18,1",13:20,26,"3,3","10,8",16:40,"932,9",09,"931,1",04,45,73,04:10,33,17:30,"0,0",
2024-05-17,3195,"MADRID, RETIRO",MADRID,667,"15,4","0,0","11,3",05:50,"19,4",15:30,99,"3,1","7,8",Varias,"934,2",24,"930,6",02,59,90,04:20,38,15:10,"0,0",
2024-05-18,3195,"MADRID, RETIRO",MADRID,667,"16,3","0,0","10,1",05:40,"22,5",14:20,22,"1,9","8,3",15:50,"935,2",Varias,"932,0",18,41,80,05:50,22,15:50,"0,0",
2024-05-19,3195,"MADRID, RETIRO",MADRID,667,"17,1","0,0","11,5",04:50,"22,7",13:40,27,"3,3","11,1",Varias,"934,3",22,"930,7",15,43,76,04:50,25,15:40,"0,0",
2024-05-20,3195,"MADRID, RETIRO",MADRID,667,"15,4","0,0","10,0",Varias,"20,7",11:10,28,"2,5","8,9",17:40,"936,0",23,"933,4",17,51,78,03:50,36,11:00,"0,0",
2024-05-21,3195,"MADRID, RETIRO",MADRID,667,"15,7","0,9","11,4",23:40,"20,0",11:30,24,"2,2","9,7",16:20,"940,4",23,"935,7",Varias,67,84,17:40,41,12:20,"1,2",16:05
2024-05-22,3195,"MADRID, RETIRO",MADRID,667,"16,6","0,0","11,4",05:20,"21,9",12:40,22,"2,2","8,6",12:20,"940,9",Varias,"938,0",18,46,77,00:40,30,15:10,"0,0",
2024-05-23,3195,"MADRID, RETIRO",MADRID,667,"18,5","0,0","11,6",04:50,"25,4",13:50,99,"1,4","8,6",Varias,"940,9",08,"936,9",17,36,66,05:50,18,17:20,"0,0",
2024-05-24,3195,"MADRID, RETIRO",MADRID,667,"20,0","0,0","12,5",05:10,"27,6",14:40,06,"1,9","9,4",00:10,"939,5",07,"936,6",17,38,70,04:30,18,13:40,"0,0",
2024-05-25,3195,"MADRID, RETIRO",MADRID,667,"21,5","0,0","13,8",05:20,"29,2",13:20,23,"3,1","13,3",12:50,"940,3",09,"937,8",Varias,27,69,06:10,11,13:30,"0,0",
2024-05-26,3195,"MADRID, RETIRO",MADRID,667,"21,7","0,0","13,8",Varias,"29,6",13:00,25,"2,8","11,4",16:20,"940,9",08,"937,4",17,31,59,04:10,22,Varias,"0,0",
2024-05-27,3195,"MADRID, RETIRO",MADRID,667,"23,2","0,0","16,2",05:30,"30,3",14:30,04,"1,1","10,8",22:00,"941,1",24,"938,1",17,35,68,06:20,18,14:30,"0,0",
2024-05-28,3195,"MADRID, RETIRO",MADRID,667,"23,4","0,0","16,5",04:50,"30,4",15:10,04,"1,7","9,2",Varias,"942,9",08,"939,3",17,41,67,03:30,24,15:00,"0,0",
2024-05-29,3195,"MADRID, RETIRO",MADRID,667,"26,3","0,0","19,1",05:30,"33,5",14:10,06,"1,1","9,4",02:00,"941,0",Varias,"936,5",18,32,49,06:40,19,14:50,"0,0",
2024-05-30,3195,"MADRID, RETIRO",MADRID,667,"27,2","0,0","19,9",06:20,"34,4",14:00,04,"1,9","13,3",21:30,"937,3",Varias,"932,4",18,31,53,06:10,19,13:50,"0,0",
2024-05-31,3195,"MADRID, RETIRO",MADRID,667,"22,8","0,0","15,1",06:10,"30,5",14:40,04,"3,3","12,8",06:30,"937,2",08,"933,5",17,25,51,00:00,14,13:50,"0,0",
2024-06-01,3195,"MADRID, RETIRO",MADRID,667,"19,8","0,0","12,2",05:10,"27,5",14:30,06,"2,8","12,5",21:40,"941,0",24,"936,9",Varias,35,53,Varias,22,14:40,"0,0",
2024-06-02,3195,"MADRID, RETIRO",MADRID,667,"20,2","0,0","12,3",04:50,"28,2",14:20,05,"2,2","13,6",00:20,"941,5",Varias,"937,6",18,33,67,04:50,15,17:30,"0,0",
2024-06-03,3195,"MADRID, RETIRO",MADRID,667,"22,6","0,0","15,7",05:10,"29,5",12:40,03,"1,4","8,3",01:30,"939,9",07,"935,9",17,37,64,23:59,26,16:00,"0,0",
2024-06-04,3195,"MADRID, RETIRO",MADRID,667,"24,4","0,0","17,2",05:30,"31,6",14:00,23,"1,4","7,2",14:30,"938,4",00,"935,3",17,39,73,05:00,22,14:00,"0,0",
2024-06-05,3195,"MADRID, RETIRO",MADRID,667,"26,5","0,0","19,4",04:20,"33,6",14:10,22,"2,2","7,2",12:20,"939,4",11,"936,3",19,29,50,04:10,18,14:00,"0,0",
2024-06-06,3195,"MADRID, RETIRO",MADRID,667,"27,6","4,6","19,9",05:00,"35,3",14:20,22,"1,7","17,2",18:10,"939,4",08,"935,9",18,29,79,18:40,17,14:30,"12,6",18:25
2024-06-07,3195,"MADRID, RETIRO",MADRID,667,"26,8","0,0","20,5",05:50,"33,1",14:50,17,"3,1","12,5",17:50,"939,6",01,"933,5",17,33,59,00:00,22,11:40,"0,0",
2024-06-08,3195,"MADRID, RETIRO",MADRID,667,"20,2","4,5","16,6",21:20,"23,7",00:00,25,"1,9","9,7",09:20,"935,7",09,"932,3",17,81,97,15:30,44,00:00,"4,8",14:15
2024-06-09,3195,"MADRID, RETIRO",MADRID,667,"20,0","3,5","15,7",05:20,"24,4",11:40,27,"2,2","7,5",12:20,"935,0",22,"932,2",04,67,95,01:00,53,16:40,"0,0",
2024-06-10,3195,"MADRID, RETIRO",MADRID,667,"16,4","9,0","13,5",08:30,"19,4",15:30,05,"2,5","7,8",07:30,"937,2",22,"933,9",04,83,99,07:40,63,19:30,"8,4",Varias
2024-06-11,3195,"MADRID, RETIRO",MADRID,667,"18,8","0,0","12,1",05:20,"25,6",14:50,07,"1,9","10,0",22:10,"939,1",24,"936,3",Varias,47,69,06:30,31,19:30,"0,0",
2024-06-12,3195,"MADRID, RETIRO",MADRID,667,"19,2","0,8","13,2",05:30,"25,3",12:40,24,"2,8","10,8",13:40,"942,4",Varias,"937,9",16,44,76,14:20,31,12:40,"3,0",14:15
2024-06-13,3195,"MADRID, RETIRO",MADRID,667,"20,6","0,0","12,6",05:00,"28,5",14:30,99,"2,5","8,6",Varias,"942,9",01,"939,2",17,37,64,03:00,23,18:00,"0,0",
2024-06-14,3195,"MADRID, RETIRO",MADRID,667,"23,0","0,0","15,3",05:50,"30,7",13:30,24,"3,3","13,1",16:00,"939,6",Varias,"935,0",18,32,74,06:00,16,14:20,"0,0",
2024-06-15,3195,"MADRID, RETIRO",MADRID,667,"23,0","0,0","16,4",05:40,"29,5",13:30,27,"2,5","8,6",14:20,"937,4",23,"934,9",17,32,67,04:10,18,13:20,"0,0",
2024-06-16,3195,"MADRID, RETIRO",MADRID,667,"23,0","0,0","15,5",04:40,"30,5",14:00,28,"1,9","8,9",16:40,"937,2",00,"934,1",17,30,57,01:00,18,15:40,"0,0",
2024-06-17,3195,"MADRID, RETIRO",MADRID,667,"23,2","0,0","15,8",05:20,"30,7",14:10,25,"2,5","9,7",14:50,"936,6",08,"933,3",17,36,66,06:00,18,14:50,"0,0",
2024-06-18,3195,"MADRID, RETIRO",MADRID,667,"20,6","0,6","15,0",21:50,"26,2",13:20,25,"2,5","11,7",16:20,"937,8",23,"933,5",04,54,94,22:10,29,13:50,"1,8",18:55
2024-06-19,3195,"MADRID, RETIRO",MADRID,667,"19,2","1,7","14,0",04:50,"24,5",13:00,23,"1,1","12,8",19:10,"938,3",21,"935,6",17,51,94,Varias,34,Varias,"0,0",
2024-06-20,3195,"MADRID, RETIRO",MADRID,667,"17,4","7,2","13,1",13:10,"21,7",11:10,30,"1,9","8,6",12:20,"942,6",24,"937,1",03,80,96,05:10,47,11:50,"18,6",12:25
2024-06-21,3195,"MADRID, RETIRO",MADRID,667,"20,4","0,0","13,0",05:20,"27,8",14:50,16,"1,9","8,3",12:50,"944,7",10,"941,9",01,45,88,05:00,28,14:40,"0,0",
2024-06-22,3195,"MADRID, RETIRO",MADRID,667,"23,8","0,0","16,3",04:50,"31,2",13:10,29,"2,2","8,9",13:40,"944,4",08,"941,1",18,36,75,05:40,21,13:50,"0,0",
2024-06-23,3195,"MADRID, RETIRO",MADRID,667,"24,1","0,0","17,4",06:10,"30,8",14:00,99,"1,9","9,2",Varias,"942,2",00,"937,2",17,45,71,06:20,34,14:10,"0,0",
2024-06-24,3195,"MADRID, RETIRO",MADRID,667,"25,0","0,0","18,3",05:10,"31,6",15:20,10,"1,7","7,8",00:20,"938,7",01,"932,9",18,45,69,05:50,26,19:10,"0,0",
2024-06-25,3195,"MADRID, RETIRO",MADRID,667,"27,4","0,0","20,3",05:30,"34,4",14:40,32,"2,5","9,7",18:00,"935,2",07,"930,4",18,45,72,05:30,23,Varias,"0,0",
2024-06-26,3195,"MADRID, RETIRO",MADRID,667,"26,2","0,3","21,9",05:40,"30,4",12:00,12,"2,5","10,8",14:10,"935,4",23,"932,1",00,51,63,14:40,37,11:50,"0,6",Varias
2024-06-27,3195,"MADRID, RETIRO",MADRID,667,"26,9","0,0","20,7",03:30,"33,1",16:00,16,"2,5","9,2",Varias,"936,7",23,"932,9",Varias,38,66,06:00,21,15:40,"0,0",
2024-06-28,3195,"MADRID, RETIRO",MADRID,667,"22,6","0,5","17,2",23:40,"27,9",11:30,24,"2,2","10,3",16:10,"938,0",23,"936,1",19,54,88,23:40,36,00:10,"1,2",23:35
2024-06-29,3195,"MADRID, RETIRO",MADRID,667,"20,4","0,0","16,3",04:30,"24,5",14:40,99,"4,2","9,7",Varias,"938,4",22,"936,3",Varias,68,90,02:00,55,15:50,"0,6",00:25
2024-06-30,3195,"MADRID, RETIRO",MADRID,667,"21,8","0,0","17,7",Varias,"26,0",13:20,22,"1,4","6,1",12:20,"939,2",11,"937,0",17,57,84,05:20,40,17:40,"0,0",
2024-07-01,3195,"MADRID, RETIRO",MADRID,667,"24,1","0,0","18,2",05:10,"30,0",13:10,05,"2,2","10,6",21:50,"943,7",23,"938,5",03,40,69,04:30,24,17:10,"0,0",
